{
    "1": {
        "arquivo": "30188__erh__cello-1-loop.wav",
        "bpm": 117.45383522727273,
        "valence": -0.029866963624954224,
        "arousal": 0.01667521893978119
    },
    "2": {
        "arquivo": "30189__erh__cello-2-loop.wav",
        "bpm": 117.45383522727273,
        "valence": -0.021978452801704407,
        "arousal": -0.09448443353176117
    },
    "3": {
        "arquivo": "30190__erh__cello-6-loop.wav",
        "bpm": 95.703125,
        "valence": 0.18387380242347717,
        "arousal": -0.08923670649528503
    },
    "4": {
        "arquivo": "30191__erh__cello14-loop.wav",
        "bpm": 123.046875,
        "valence": -0.09552256762981415,
        "arousal": 0.002850368618965149
    },
    "5": {
        "arquivo": "30192__erh__string-1-loop.wav",
        "bpm": 117.45383522727273,
        "valence": -0.021978452801704407,
        "arousal": -0.09448443353176117
    },
    "6": {
        "arquivo": "40171__erh__a-min-eh-strings-arp.wav",
        "bpm": 135.99917763157896,
        "valence": 0.11032970249652863,
        "arousal": 0.008098095655441284
    },
    "7": {
        "arquivo": "40547__erh__a-minor-12-sec-intro-b.wav",
        "bpm": 129.19921875,
        "valence": 0.17598530650138855,
        "arousal": 0.021922945976257324
    },
    "8": {
        "arquivo": "56417__erh__strings-sbrx2-55.wav",
        "bpm": 123.046875,
        "valence": -0.029866963624954224,
        "arousal": 0.01667521893978119
    },
    "9": {
        "arquivo": "56574__erh__choral-strings-sbhnmr-b2-11c.wav",
        "bpm": 123.046875,
        "valence": -0.029866963624954224,
        "arousal": 0.01667521893978119
    },
    "10": {
        "arquivo": "57580__erh__choral-strings-sbhnmr-b2-11d.wav",
        "bpm": 117.45383522727273,
        "valence": -0.029866963624954224,
        "arousal": 0.01667521893978119
    }
}