{
    "1": {
        "arquivo": "1 - Music.wav",
        "bpm": 135.99917763157896,
        "valence": -0.2059997171163559,
        "arousal": -0.3376435935497284
    },
    "2": {
        "arquivo": "2 - Noise.wav",
        "bpm": 151.99908088235293,
        "valence": -0.25171682238578796,
        "arousal": -0.13612303137779236
    },
    "3": {
        "arquivo": "3 - Shoemaker.wav",
        "bpm": 123.046875,
        "valence": -0.25171682238578796,
        "arousal": -0.13612303137779236
    },
    "4": {
        "arquivo": "4 - Harvest.wav",
        "bpm": 103.359375,
        "valence": -0.33190977573394775,
        "arousal": -0.1334535777568817
    },
    "5": {
        "arquivo": "5 - Pan.wav",
        "bpm": 135.99917763157896,
        "valence": -0.21460990607738495,
        "arousal": -0.07471303641796112
    },
    "6": {
        "arquivo": "6 - How's the Heart_.wav",
        "bpm": 103.359375,
        "valence": -0.21460990607738495,
        "arousal": -0.07471303641796112
    },
    "7": {
        "arquivo": "7 - Procession.wav",
        "bpm": 135.99917763157896,
        "valence": -0.2284868210554123,
        "arousal": -0.1319083571434021
    },
    "8": {
        "arquivo": "8 - Tribal.wav",
        "bpm": 99.38401442307692,
        "valence": -0.21460990607738495,
        "arousal": -0.07471303641796112
    },
    "9": {
        "arquivo": "9 - Endlessness.wav",
        "bpm": 89.10290948275862,
        "valence": -0.2146141082048416,
        "arousal": -0.0747302919626236
    },
    "10": {
        "arquivo": "10 - All the Works of Nature Which Adorn the World - Vista.wav",
        "bpm": 123.046875,
        "valence": -0.21460990607738495,
        "arousal": -0.07471303641796112
    },
    "11": {
        "arquivo": "11 - All the Works of Nature Which Adorn the World - The Blue.wav",
        "bpm": 112.34714673913044,
        "valence": -0.2284868210554123,
        "arousal": -0.1319083571434021
    },
    "12": {
        "arquivo": "12 - All the Works of Nature Which Adorn the World - The Green.wav",
        "bpm": 112.34714673913044,
        "valence": -0.15501590073108673,
        "arousal": -0.21903830766677856
    },
    "13": {
        "arquivo": "13 - All the Works of Nature Which Adorn the World - Moors.wav",
        "bpm": 112.34714673913044,
        "valence": -0.2284868210554123,
        "arousal": -0.1319083571434021
    },
    "14": {
        "arquivo": "14 - All the Works of Nature Which Adorn the World - Aurorae.wav",
        "bpm": 112.34714673913044,
        "valence": -0.2284868210554123,
        "arousal": -0.1319083571434021
    },
    "15": {
        "arquivo": "15 - All the Works of Nature Which Adorn the World - Quiet as the Snow.wav",
        "bpm": 123.046875,
        "valence": -0.16265834867954254,
        "arousal": -0.19258007407188416
    },
    "16": {
        "arquivo": "16 - All the Works of Nature Which Adorn the World - Anthropocene (Including _Hurrian Hymn to Nikkal_).wav",
        "bpm": 99.38401442307692,
        "valence": -0.2284868210554123,
        "arousal": -0.1319083571434021
    },
    "17": {
        "arquivo": "17 - All the Works of Nature Which Adorn the World - Ad Astra.wav",
        "bpm": 112.34714673913044,
        "valence": -0.12497776746749878,
        "arousal": -0.1325594186782837
    }
}