{
    "1": {
        "arquivo": "01 - Once.wav",
        "bpm": 112.34714673913044,
        "valence": -0.21460963785648346,
        "arousal": -0.07471486926078796
    },
    "2": {
        "arquivo": "02 - Even Flow.wav",
        "bpm": 107.666015625,
        "valence": -0.15501590073108673,
        "arousal": -0.21903830766677856
    },
    "3": {
        "arquivo": "03 - Alive.wav",
        "bpm": 151.99908088235293,
        "valence": -0.21460990607738495,
        "arousal": -0.07471303641796112
    },
    "4": {
        "arquivo": "04 - Why Go.wav",
        "bpm": 117.45383522727273,
        "valence": -0.19212280213832855,
        "arousal": -0.2804482877254486
    },
    "5": {
        "arquivo": "05 - Black.wav",
        "bpm": 151.99908088235293,
        "valence": -0.22234320640563965,
        "arousal": -0.17775875329971313
    },
    "6": {
        "arquivo": "06 - Jeremy.wav",
        "bpm": 107.666015625,
        "valence": -0.21460990607738495,
        "arousal": -0.07471303641796112
    },
    "7": {
        "arquivo": "07 - Oceans.wav",
        "bpm": 112.34714673913044,
        "valence": -0.22234320640563965,
        "arousal": -0.17775875329971313
    },
    "8": {
        "arquivo": "08 - Porch.wav",
        "bpm": 135.99917763157896,
        "valence": -0.15501590073108673,
        "arousal": -0.21903830766677856
    },
    "9": {
        "arquivo": "09 - Garden.wav",
        "bpm": 161.4990234375,
        "valence": -0.21460990607738495,
        "arousal": -0.07471303641796112
    },
    "10": {
        "arquivo": "10 - Deep.wav",
        "bpm": 123.046875,
        "valence": -0.16889281570911407,
        "arousal": -0.27623361349105835
    },
    "11": {
        "arquivo": "11 - Release.wav",
        "bpm": 161.4990234375,
        "valence": -0.21460990607738495,
        "arousal": -0.07471303641796112
    }
}