{
    "1": {
        "arquivo": "01 - Once.wav",
        "bpm": 112.34714673913044,
        "valence": 0.6892186999320984,
        "arousal": -0.5318532586097717
    },
    "2": {
        "arquivo": "02 - Even Flow.wav",
        "bpm": 107.666015625,
        "valence": 0.6280502676963806,
        "arousal": -0.04679465293884277
    },
    "3": {
        "arquivo": "03 - Alive.wav",
        "bpm": 151.99908088235293,
        "valence": 0.03661264479160309,
        "arousal": -0.929787278175354
    },
    "4": {
        "arquivo": "04 - Why Go.wav",
        "bpm": 117.45383522727273,
        "valence": -0.7863202095031738,
        "arousal": -0.0009444355964660645
    },
    "5": {
        "arquivo": "05 - Black.wav",
        "bpm": 151.99908088235293,
        "valence": 0.31901559233665466,
        "arousal": 0.13603153824806213
    },
    "6": {
        "arquivo": "06 - Jeremy.wav",
        "bpm": 107.666015625,
        "valence": 0.22851777076721191,
        "arousal": -0.6952893733978271
    },
    "7": {
        "arquivo": "07 - Oceans.wav",
        "bpm": 112.34714673913044,
        "valence": 0.1719551533460617,
        "arousal": -1.3732227087020874
    },
    "8": {
        "arquivo": "08 - Porch.wav",
        "bpm": 135.99917763157896,
        "valence": 0.22610817849636078,
        "arousal": -0.6982487440109253
    },
    "9": {
        "arquivo": "09 - Garden.wav",
        "bpm": 161.4990234375,
        "valence": 0.31901559233665466,
        "arousal": 0.13603153824806213
    },
    "10": {
        "arquivo": "10 - Deep.wav",
        "bpm": 123.046875,
        "valence": 0.008024350740015507,
        "arousal": 1.0694835186004639
    },
    "11": {
        "arquivo": "11 - Release.wav",
        "bpm": 161.4990234375,
        "valence": 0.3436550796031952,
        "arousal": 0.769859790802002
    },
    "12": {
        "arquivo": "Anti-Romantic.wav",
        "bpm": 143.5546875,
        "valence": 0.46317094564437866,
        "arousal": -0.29816481471061707
    },
    "13": {
        "arquivo": "Frost.wav",
        "bpm": 95.703125,
        "valence": 0.035168349742889404,
        "arousal": -0.8704990744590759
    },
    "14": {
        "arquivo": "No Rules.wav",
        "bpm": 117.45383522727273,
        "valence": 0.46317094564437866,
        "arousal": -0.29816481471061707
    },
    "15": {
        "arquivo": "TXT (\ud22c\ubaa8\ub85c\uc6b0\ubc14\uc774\ud22c\uac8c\ub354) '0X1=LOVESONG (I Know I Love You) feat. Seori' Official MV.wav",
        "bpm": 103.359375,
        "valence": 0.035168349742889404,
        "arousal": -0.8704990744590759
    },
    "16": {
        "arquivo": "TXT (\ud22c\ubaa8\ub85c\uc6b0\ubc14\uc774\ud22c\uac8c\ub354) 'Magic' Official MV.wav",
        "bpm": 107.666015625,
        "valence": 0.035168349742889404,
        "arousal": -0.8704990744590759
    },
    "17": {
        "arquivo": "\ub514\uc5b4 \uc2a4\ud478\ud2b8\ub2c8\ud06c.wav",
        "bpm": 123.046875,
        "valence": 0.46317094564437866,
        "arousal": -0.29816481471061707
    },
    "18": {
        "arquivo": "\ubc38\ub7f0\uc2a4 \uac8c\uc784.wav",
        "bpm": 95.703125,
        "valence": 0.46317094564437866,
        "arousal": -0.29816481471061707
    },
    "19": {
        "arquivo": "\uc18c\uc545\ud589.wav",
        "bpm": 99.38401442307692,
        "valence": 0.46317094564437866,
        "arousal": -0.29816481471061707
    }
}